"last_updated","ttl","data.stations.station_id","data.stations.name","data.stations.physical_configuration","data.stations.lat","data.stations.lon","data.stations.altitude","data.stations.address","data.stations.post_code","data.stations.capacity","data.stations.groups","data.stations.obcn","data.stations.cross_street"
"1",1566907718,30,2,"002 - Retiro I","SMARTLITMAPFRAME",-34.5924233,-58.3747151,0,"Ramos Mejia, Jose Maria, Dr. Av. & Del Libertador Av.","11111",20,"RETIRO","",NA
"2",1566907718,30,3,"003 - ADUANA","SMARTLITMAPFRAME",-34.611032,-58.3682604,0,"Moreno & Av Paseo Colon","11111",20,"MONSERRAT",NA,"Moreno & Av Paseo Colon"
"3",1566907718,30,4,"004 - Plaza Roma","SMARTLITMAPFRAME",-34.6017255,-58.3687628,0,"Lavalle & Bouchard","11111",20,"SAN NICOLAS","",NA
"4",1566907718,30,5,"005 - Plaza Italia","SMARTLITMAPFRAME",-34.5805497,-58.4209542,0,"Av. Sarmiento 2601","1111",42,"PALERMO","",NA
"5",1566907718,30,6,"006 - Parque Lezama","SMARTLITMAPFRAME",-34.628526,-58.369758,0,"Avenida Martin Garcia, 295","1111",20,"SAN TELMO","",NA
"6",1566907718,30,7,"007 - OBELISCO","SMARTLITMAPFRAME",-34.606498,-58.381098,0,"CARLOS PELEGRINI 215","11111",16,"SAN NICOLAS",NA,"CARLOS PELEGRINI 215"
"7",1566907718,30,8,"008 - Congreso","SMARTLITMAPFRAME",-34.6094218,-58.3893364,0,"Cevallos, Virrey& Yrigoyen, Hipolito Av.","11111",24,"SAN NICOLAS","",NA
"8",1566907718,30,9,"009 - Parque Las Heras","SMARTLITMAPFRAME",-34.585443,-58.407741,0,"2300 Diaz, Cnel. Av. & French","11111",24,"PALERMO","",NA
"9",1566907718,30,11,"011 - Tribunales","SMARTLITMAPFRAME",-34.6011762,-58.3850791,0,"600 Talcahuano","11111",19,"SAN NICOLAS",NA,"Talcahuano & Tucuman"
"10",1566907718,30,12,"012 - Plaza Vicente Lopez","SMARTLITMAPFRAME",-34.5927096,-58.388807,0,"Parana & Juncal","11111",16,"RECOLETA","",NA
"11",1566907718,30,13,"013 - ONCE","SMARTLITMAPFRAME",-34.61009,-58.406,0,"Av. Pueyrredon & Av. Rivadavia","1111",30,"BALVANERA",NA,"Av. Pueyrredon & Av. Rivadavia"
"12",1566907718,30,14,"014 - Pacifico","SMARTLITMAPFRAME",-34.577424,-58.426387,0,"Santa Fe Av. & Bullrich, Int. Av.","11111",30,"PALERMO","",NA
"13",1566907718,30,15,"015 - JUANA MANSO II","SMARTLITMAPFRAME",-34.6004,-58.3636706,0,"Juana Manso & Emma de la Barra","1111",20,"PUERTO MADERO",NA,"Juana Manso & Emma de la Barra"
"14",1566907718,30,17,"017 - Plaza Almagro","SMARTLITMAPFRAME",-34.6064101,-58.4187306,0,"441 Bulnes & Peron, Juan Domingo, Tte. General","11111",20,"ALMAGRO","",NA
"15",1566907718,30,19,"019 - PLAZA SAN MARTIN","SMARTLITMAPFRAME",-34.5956027,-58.3776353,0,"Av. Santa Fe 750 & Maipu","11111",24,"RETIRO",NA,"Av. Santa Fe 750 & Maipu"
"16",1566907718,30,20,"020 - Distrito Audiovisual","SMARTLITMAPFRAME",-34.5798619,-58.4417756,0,"Zapiola & Dorrego","11111",20,"COLEGIALES","",NA
"17",1566907718,30,21,"021 - Parque Patricios","SMARTLITMAPFRAME",-34.6396832,-58.4062115,0,"Iguazu & Uspallata","1111",24,"PARQUE PATRICIOS","",NA
"18",1566907718,30,22,"022 - Arenales","SMARTLITMAPFRAME",-34.5938629,-58.3825498,0,"Cerrito & Arenales","11111",20,"RETIRO",NA,"Cerrito & Arenales"
"19",1566907718,30,23,"023 - Suipacha","SMARTLITMAPFRAME",-34.6003095,-58.3793463,0,"Suipacha & Viamonte, 709","11111",12,"SAN NICOLAS","",NA
"20",1566907718,30,24,"024 - ALSINA","SMARTLITMAPFRAME",-34.610583,-58.3808943,0,"Adolfo Alsina& Bernardo De Irigoyen","11111",18,"MONSERRAT",NA,"Adolfo Alsina& Bernardo De Irigoyen"
"21",1566907718,30,25,"025 - Plaza Guemes","SMARTLITMAPFRAME",-34.5894269,-58.4161178,0,"Salguero, Jeronimo & Mansilla, Lucio Norberto, General","11111",24,"PALERMO","",NA
"22",1566907718,30,26,"026 - JUANA MANSO I","SMARTLITMAPFRAME",-34.6004606,-58.3636593,0,"Manso Juana & De La Barra, Emma","11111",24,"PUERTO MADERO","",NA
"23",1566907718,30,27,"027 - Montevideo","SMARTLITMAPFRAME",-34.599068,-58.3900887,0,"Cordoba Av. & Montevideo","1111",16,"SAN NICOLAS","",NA
"24",1566907718,30,28,"028 - Plaza Boedo","SMARTLITMAPFRAME",-34.6231273,-58.4127377,0,"3310 Calvo, Carlos & Sanchez De Loria","1111",20,"SAN CRISTOBAL","",NA
"25",1566907718,30,29,"029 - Parque Centenario","SMARTLITMAPFRAME",-34.6079414,-58.4335573,0,"Av. Patricias Argentinas & Estivao","11111",30,"CABALLITO","",NA
"26",1566907718,30,30,"030 - Peña","SMARTLITMAPFRAME",-34.5908211,-58.3973698,0,"Peña & Azcuenaga","11111",20,"RECOLETA","",NA
"27",1566907718,30,31,"031 - Padilla","SMARTLITMAPFRAME",-34.6032081,-58.4396457,0,"Padilla & Alvarez, Julian","11111",20,"VILLA CRESPO","",NA
"28",1566907718,30,32,"032 - Catedral","SMARTLITMAPFRAME",-34.6072074,-58.3735984,0,"67 San Martin","11111",16,"SAN NICOLAS","",NA
"29",1566907718,30,33,"033 - Facultad de Medicina","SMARTLITMAPFRAME",-34.5970909,-58.3989807,0,"Pres. José Evaristo Uriburu 987","11111",20,"RECOLETA","","Uriburu Jose E., Pres. & Alvear, Marcelo T. De"
"30",1566907718,30,35,"035 - INGENIERO BUTTY","SMARTLITMAPFRAME",-34.5964246,-58.371847,0,"Ing. E. Butty 291","11111",30,"RETIRO",NA,"Ing. E. Butty 291 &  Av Leandro N.  Alem"
"31",1566907718,30,36,"036 - MAIPÚ","SMARTLITMAPFRAME",-34.6045481,-58.3767677,0,"MAIPÙ 300","11111",16,"SAN NICOLAS",NA,"Maipu 300 & Sarmiento"
"32",1566907718,30,38,"038 - Plaza Libertad","SMARTLITMAPFRAME",-34.5970497,-58.3828403,0,"Cerrito 990 y Av. Marcelo T. De Alvear","11111",20,"RETIRO","",NA
"33",1566907718,30,39,"039 - CONGRESO II","SMARTLITMAPFRAME",-34.6092213,-58.3876925,0,"Rivadavia Av. & Parana","1111",20,"MONSERRAT",NA,"Rivadavia Av. & Parana"
"34",1566907718,30,40,"040 - Sarmiento","SMARTLITMAPFRAME",-34.604461,-58.373499,0,"Sarmiento 481","C1041",16,"SAN NICOLAS",NA,"Sarmiento & San Martin"
"35",1566907718,30,41,"041 - Urquiza y Rondeau","SMARTLITMAPFRAME",-34.6364511,-58.4076348,0,"Urquiza, Gral. & Rondeau","1111",20,"PARQUE PATRICIOS",NA,"Urquiza, Gral. & Rondeau"
"36",1566907718,30,42,"042 - Diagonal Norte","SMARTLITMAPFRAME",-34.604447,-58.38003248,0,"Saenz Peña, Roque, Pres. Diagonal Norte Av. & Suipacha","11111",24,"SAN NICOLAS","",NA
"37",1566907718,30,43,"334 - CENTRO DE EXPOSICIONES","SMARTLITMAPFRAME",-34.583918,-58.3900194,0,"2133 Figueroa Alcorta","1111",16,"RECOLETA",NA,NA
"38",1566907718,30,44,"044 - Ecoparque","SMARTLITMAPFRAME",-34.5755148,-58.4138829,0,"Av. Del Libertador, 3260","111",20,"PALERMO","",NA
"39",1566907718,30,45,"045 - Uruguay","SMARTLITMAPFRAME",-34.6018635,-58.3866934,0,"561 Uruguay & Av. Tucuman","111",20,"SAN NICOLAS","",NA
"40",1566907718,30,46,"046 - Chile","SMARTLITMAPFRAME",-34.6163012,-58.3743749,0,"Calle Perú, 718","1111",18,"SAN TELMO","",NA
"41",1566907718,30,47,"047 - Colegio Nacional de Buenos Aires","SMARTLITMAPFRAME",-34.6117408,-58.3733149,0,"306 Bolivar & Moreno","11111",16,"MONSERRAT",NA,"Bolivar & Moreno"
"42",1566907718,30,48,"034 - Colonia Express","SMARTLITMAPFRAME",-34.623937,-58.362004,0,"150 Dellepiane Y Pedro de Mendoza","1111",16,"BOCA",NA,"paseo del bajo"
"43",1566907718,30,49,"049 - 33 Orientales","SMARTLITMAPFRAME",-34.6290527,-58.422611,0,"Constitucion & Treinta Y Tres Orientales","11111",20,"BOEDO","",NA
"44",1566907718,30,50,"050 - Hospital Rivadavia","SMARTLITMAPFRAME",-34.5837348,-58.4010798,0,"2516 Pereyra Lucena","11111",20,"PALERMO",NA,"Pereyra Lucena & Av. General Las Heras"
"45",1566907718,30,51,"051 - TUCUMAN","SMARTLITMAPFRAME",-34.6014776,-58.3821261,0,"Tucuman & 9 De Julio Av.","1111",12,"SAN NICOLAS",NA,"Tucuman & 9 De Julio Av."
"46",1566907718,30,52,"052 - SANCHEZ DE BUSTAMANTE","SMARTLITMAPFRAME",-34.606682,-58.414851,0,"212 Sanchez De Bustamante","C1173",20,"ALMAGRO",NA,"212 Sanchez De Bustamante y Peron"
"47",1566907718,30,53,"053 - Ricardo Rojas","SMARTLITMAPFRAME",-34.5952579,-58.3743514,0,"1068 San Martin","11111",20,"RETIRO",NA,"San Martin & Rojas, Ricardo, Dr."
"48",1566907718,30,54,"054 - Acuña de Figueroa","SMARTLITMAPFRAME",-34.5981183,-58.4219844,0,"Lavalle & Acuña De Figueroa, Francisco","11111",20,"ALMAGRO","",NA
"49",1566907718,30,55,"055 - Bouchard","SMARTLITMAPFRAME",-34.5994122,-58.36966404,0,"Viamonte 101","11111",20,"SAN NICOLAS",NA,"Viamonte 101& Bouchard"
"50",1566907718,30,56,"056 - Plaza Palermo Viejo","SMARTLITMAPFRAME",-34.588567,-58.425999,0,"Costa Rica & Armenia","11111",16,"PALERMO","",NA
"51",1566907718,30,57,"057 - BELGRANO","SMARTLITMAPFRAME",-34.6134468,-58.3706051,0,"Balcarce 482","1111",16,"MONSERRAT",NA,"Balcarce 482& Av Republica Bolivariana de Venezuela"
"52",1566907718,30,58,"058 - Ministro Carranza","SMARTLITMAPFRAME",-34.5752773,-58.4346883,0,"Santa Fe Av. & Dorrego","11111",20,"PALERMO","",NA
"53",1566907718,30,59,"018 - Independencia","SMARTLITMAPFRAME",-34.617771,-58.3804546,0,"Idependencia y Bernardo de Irigoyen","11111",20,"MONSERRAT",NA,NA
"54",1566907718,30,60,"060 - 25 De Mayo","SMARTLITMAPFRAME",-34.6016509,-58.371079,0,"527 25 De Mayo","11111",20,"SAN NICOLAS",NA,"25 De Mayo & Lavalle"
"55",1566907718,30,62,"062 - Córdoba","SMARTLITMAPFRAME",-34.5985102,-58.3768501,0,"820 Maipú","11111",20,"RETIRO",NA,"Maipú &  Av. Córdoba"
"56",1566907718,30,63,"063 - Reconquista","SMARTLITMAPFRAME",-34.5987657,-58.3728605,0,"Reconquista 76 & Cordoba Av.","111",20,"SAN NICOLAS","",NA
"57",1566907718,30,64,"064 - RIOBAMBA","SMARTLITMAPFRAME",-34.5936508,-58.3941087,0,"Riobamba 1264 & Juncal","11111",20,"RECOLETA",NA,"Riobamba 1264 & Juncal"
"58",1566907718,30,65,"065 - Julián Álvarez","SMARTLITMAPFRAME",-34.5873124,-58.4157873,0,"3822 Guemes","11111",20,"PALERMO",NA,"Guemes & Julian Alvarez"
"59",1566907718,30,66,"066 - Billinghurst","SMARTLITMAPFRAME",-34.5945475,-58.4138713,0,"3508 Carcova","11111",20,"RECOLETA",NA,"De La Carcova & Soler"
"60",1566907718,30,68,"068 - Rivarola","SMARTLITMAPFRAME",-34.6065099,-58.385434,0,"175  Dr. Rodolfo Rivarola","11111",20,"SAN NICOLAS",NA,"Dr. Rodolfo Rivarola &  Tte. General Juan Domingo Perón"
"61",1566907718,30,69,"069 - Ecuador","SMARTLITMAPFRAME",-34.5961006,-58.4046092,0,"1226 Ecuador & Mansilla, Lucio Norberto, General","111",16,"RECOLETA","",NA
"62",1566907718,30,70,"070 - ARAOZ","SMARTLITMAPFRAME",-34.5926862,-58.4260597,0,"1413 Araoz & Gorriti CABA","1111",20,"PALERMO",NA,NA
"63",1566907718,30,71,"071 - CERRITO","SMARTLITMAPFRAME",-34.6026673,-58.3833559,0,"Av Pres. Roque Saenz Peña, Diagonal Norte","11111",30,"SAN NICOLAS",NA,"Av Pres. Roque Saenz Peña, Diagonal Norte  & Cerrito"
"64",1566907718,30,72,"072 - Venezuela","SMARTLITMAPFRAME",-34.6135421,-58.3746635,0,"Peru 490","11111",18,"MONSERRAT",NA,"Peru 490& Republica Bolivariana De Venezuela"
"65",1566907718,30,73,"073 - Ruy Díaz de Guzmán","SMARTLITMAPFRAME",-34.6306814,-58.3718235,0,"Avenida Martin Garcia y Ruy Díaz de Guzmán","1111111",16,"BOCA","",NA
"66",1566907718,30,74,"074 - INSTITUTO  LELOIR","SMARTLITMAPFRAME",-34.6043825,-58.4346338,0,"Juana De Ibarbourou & Av Patricias Argentinas","1111",24,"CABALLITO",NA,NA
"67",1566907718,30,75,"075 - Plaza Primero de Mayo","SMARTLITMAPFRAME",-34.6122976,-58.3989871,0,"238 Pichincha","11111",20,"BALVANERA","",NA
"68",1566907718,30,76,"076 - Ayacucho","SMARTLITMAPFRAME",-34.6074084,-58.3950548,0,"Ayacucho &Peron, Juan Domingo, Tte. General","11111",20,"BALVANERA","",NA
"69",1566907718,30,77,"077 - SARANDI","SMARTLITMAPFRAME",-34.6116273,-58.3947367,0,"176 Sarandi & Alsina, Adolfo","1111",20,"BALVANERA",NA,"176 Sarandi & Alsina, Adolfo"
"70",1566907718,30,78,"078 - SUIPACHA Y ARROYO","SMARTLITMAPFRAME",-34.5910737,-58.3799953,0,"1420 Suipacha","1111",20,"RETIRO",NA,"Suipacha & Arroyo"
"71",1566907718,30,79,"079 - AZUCENA VILLAFLOR","SMARTLITMAPFRAME",-34.61189,-58.36393,0,"Villaflor, Azucena & Dealessi, Pierina","C1107CID",30,"PUERTO MADERO",NA,"Villaflor, Azucena & Dealessi, Pierina"
"72",1566907718,30,80,"080 - DOBLAS","SMARTLITMAPFRAME",-34.624435,-58.4303766,0,"608 Doblas & Valle","1111",16,"CABALLITO",NA,NA
"73",1566907718,30,82,"082 - HOSPITAL ITALIANO","SMARTLITMAPFRAME",-34.6078917,-58.4263947,0,"394 Rawson & Potosi","11111",20,"ALMAGRO",NA,NA
"74",1566907718,30,83,"083 - Paraná","SMARTLITMAPFRAME",-34.603269,-58.3893728,0,"1590 Lavalle","11111",20,"SAN NICOLAS",NA,"Lavalle & Montevideo"
"75",1566907718,30,84,"084 - Lavalle","SMARTLITMAPFRAME",-34.6023203,-58.3955144,0,"Ayacucho 595","1111",20,"BALVANERA",NA,"Ayacucho & Tucumán"
"76",1566907718,30,85,"085 - AGUERO","SMARTLITMAPFRAME",-34.5948057,-58.4091784,0,"Aguero & Mansilla, Lucio Norberto, General","11111",20,"RECOLETA",NA,"Aguero & Mansilla, Lucio Norberto, General"
"77",1566907718,30,86,"086 - SAAVEDRA","SMARTLITMAPFRAME",-34.6212681,-58.4016808,0,"1019 Saavedra","11111",20,"SAN CRISTOBAL",NA,"1019 Saavedra & Calvo, Carlos"
"78",1566907718,30,87,"087 - Guayaquil","SMARTLITMAPFRAME",-34.619845,-58.4314942,0,"Guayaquil & Doblas","1111",16,"CABALLITO","",NA
"79",1566907718,30,88,"088 - MISIONES","SMARTLITMAPFRAME",-34.612575,-58.404356,0,"MISIONES 209","C1083",20,"BALVANERA",NA,"MISIONES 209 & Alsina, Adolfo"
"80",1566907718,30,89,"089 - Cabello","SMARTLITMAPFRAME",-34.5825475,-58.4056671,0,"3082 Cabello","1111",20,"PALERMO",NA,NA
"81",1566907718,30,90,"090 - GUTIERREZ","SMARTLITMAPFRAME",-34.5866324,-58.3998749,0,"2685 Gutierrez, Juan Maria & Aguero","11111",20,"RECOLETA",NA,"2685 Gutierrez, Juan Maria & Aguero"
"82",1566907718,30,91,"091 - Pasco","SMARTLITMAPFRAME",-34.6174482,-58.397602,0,"708 Pasco & Chile","1111",20,"BALVANERA","",NA
"83",1566907718,30,92,"092 - Salcedo","SMARTLITMAPFRAME",-34.6316444,-58.4053386,0,"2908 Salcedo & Dean Funes","111",20,"PARQUE PATRICIOS","",NA
"84",1566907718,30,93,"093 - CARLOS CALVO","SMARTLITMAPFRAME",-34.620798,-58.3944635,0,"Sarandi 1010","1111",20,"SAN CRISTOBAL",NA,"1010 Sarandi & Calvo, Carlos"
"85",1566907718,30,94,"094 - GÚZMAN","SMARTLITMAPFRAME",-34.591511,-58.449652,0,"Av Guzman 129 & Leiva","1111",30,"CHACARITA",NA,NA
"86",1566907718,30,95,"095 - ESMERALDA","SMARTLITMAPFRAME",-34.6021121,-58.3781678,0,"ESMERALDA 516","1111",16,"SAN NICOLAS",NA,"ESMERALDA 516"
"87",1566907718,30,96,"096 - Carlos Gardel","SMARTLITMAPFRAME",-34.6027814,-58.4116586,0,"3302 Guardia Vieja & Aguero","11111",20,"BALVANERA","",NA
"88",1566907718,30,98,"098 - Belgrano y roca","SMARTLITMAPFRAME",-34.6127689,-58.3769407,0,"Belgrano y Roca","11111",16,"MONSERRAT","",NA
"89",1566907718,30,99,"099 - Malabia","SMARTLITMAPFRAME",-34.5960961,-58.435408,0,"780 Malabia & Loyola","11111",11,"VILLA CRESPO","",NA
"90",1566907718,30,101,"101 - Fitz Roy","SMARTLITMAPFRAME",-34.5891857,-58.4424397,0,"Fitz Roy  1092 & Loyola","11111",20,"CHACARITA","",NA
"91",1566907718,30,102,"102 - ROSETI","SMARTLITMAPFRAME",-34.5864287,-58.4458199,0,"50 Roseti & Dorrego Av.","1111",12,"CHACARITA",NA,NA
"92",1566907718,30,104,"104 - Federico Lacroze","SMARTLITMAPFRAME",-34.587617,-58.455212,0,"Av. Guzman 1100 & Av. Corrientes","111111",30,"CHACARITA","",NA
"93",1566907718,30,105,"105 - 15 DE NOVIEMBRE","SMARTLITMAPFRAME",-34.6340844,-58.4008662,0,"2687 15 De Noviembre De 1889 & Catamarca","1111",16,"PARQUE PATRICIOS",NA,"2687 15 De Noviembre De 1889 & Catamarca"
"94",1566907718,30,106,"106 - RINCÓN","SMARTLITMAPFRAME",-34.6152509,-58.3958827,0,"Venezuela 2091","1111",20,"BALVANERA",NA,"Venezuela 2091"
"95",1566907718,30,107,"107 - HOSPITAL GARRAHAN","SMARTLITMAPFRAME",-34.630374,-58.395852,0,"Brasil & Pichincha","1260",16,"PARQUE PATRICIOS",NA,"Brasil & Pichincha"
"96",1566907718,30,110,"110 - Guardia Vieja","SMARTLITMAPFRAME",-34.601738,-58.415434,0,"3500 Guarda Vieja","11111",20,"ALMAGRO",NA,"Guardia Vieja & Billinghurst"
"97",1566907718,30,111,"111 - MACACHA GUEMES","SMARTLITMAPFRAME",-34.6054877,-58.3646858,0,"Machaca Guemes 350","1111",30,"PUERTO MADERO",NA,"Macacha Guemes 350 &Pierina Dealessi"
"98",1566907718,30,112,"112 - 9 de Julio","SMARTLITMAPFRAME",-34.612075,-58.380384,0,"Bernardo Irigoyen 320","11111",16,"MONSERRAT",NA,"Bernardo Irigoyen 320 & Moreno"
"99",1566907718,30,114,"114 - DELLA PAOLERA","SMARTLITMAPFRAME",-34.5949745,-58.3722554,0,"Della Paolera 297, Carlos M. & Av. Leandro N. Alem","11111",30,"RETIRO",NA,"Della Paolera 297, Carlos M. & Av. Leandro N. Alem"
"100",1566907718,30,115,"115 - QUINTANA","SMARTLITMAPFRAME",-34.5878001,-58.3908362,0,"Av Pres Manuel Quintana 600. & Haedo, Eduardo V., Pres.","11111",16,"RECOLETA",NA,"Av Pres Manuel Quintana 600"
"101",1566907718,30,116,"116 - HOSPITAL ALEMÁN","SMARTLITMAPFRAME",-34.5921708,-58.4025894,0,"Beruti & Ecuador","1111",12,"RECOLETA",NA,"Beruti & Ecuador"
"102",1566907718,30,117,"117 - HUMBERTO 1°","SMARTLITMAPFRAME",-34.6201008,-58.3741759,0,"Peru  1016","11111",16,"SAN TELMO",NA,"Peru  1016& Carlos Calvo"
"103",1566907718,30,118,"118 - MEXICO","SMARTLITMAPFRAME",-34.6170196,-58.4026531,0,"Saavedra & Mexico","11111",20,"BALVANERA",NA,"Saavedra & Mexico"
"104",1566907718,30,119,"119 - EMILIO MITRE","SMARTLITMAPFRAME",-34.5885608,-58.3973293,0,"Pacheco De Melo, Jose Andres","11111",20,"RECOLETA",NA,"Pacheco De Melo, Jose Andres & Larrea"
"105",1566907718,30,120,"120 - HOSPITAL RAMOS MEJIA","SMARTLITMAPFRAME",-34.617509,-58.4092876,0,"3084 Agrelo","1111",20,"BALVANERA",NA,"3084 Agrelo & Urquiza"
"106",1566907718,30,121,"121 - YATAY","SMARTLITMAPFRAME",-34.6011732,-58.4285093,0,"925 Yatay& Humahuaca","1111",20,"ALMAGRO",NA,"925 Yatay& Humahuaca"
"107",1566907718,30,122,"122 - COSTA RICA","SMARTLITMAPFRAME",-34.5916569,-58.4204199,0,"Costa Rica 4090","1111",20,"PALERMO",NA,"Costa Rica 4090 & Acuña De Figueroa, Francisco"
"108",1566907718,30,124,"124 - UGARTECHE","SMARTLITMAPFRAME",-34.580538,-58.411965,0,"3050 Ugarteche","C3123",20,"PALERMO",NA,"3050 Ugarteche & Cabello"
"109",1566907718,30,126,"126 - Ministerio de Justicia y Seguridad","SMARTLITMAPFRAME",-34.6402672,-58.3692243,0,"Regimiento De Patricios Av. & Araoz De Lamadrid, Gregorio, Gral.","1111",16,"BOCA",NA,NA
"110",1566907718,30,127,"127 - SANTOS DUMONT Y OTERO","SMARTLITMAPFRAME",-34.5923884,-58.453077,0,"4392 Dumont, Santos & Otero","1111",16,"CHACARITA",NA,NA
"111",1566907718,30,128,"128 - PARQUE DEL BAJO","SMARTLITMAPFRAME",-34.6041138,-58.3689118,0,"Madero, Eduardo Av. & Peron, Juan Domingo, Tte. General","1111",20,"SAN NICOLAS",NA,"Madero, Eduardo Av. & Peron, Juan Domingo, Tte. General"
"112",1566907718,30,130,"130 - RETIRO II","SMARTLITMAPFRAME",-34.5921056,-58.3745419,0,"Ramos Mejia, Av Dr Jose Maria Vargas& Av. Del Libertador","1111",40,"RETIRO","130","Ramos Mejia, Av Dr Jose Maria Vargas& Av. Del Libertador"
"113",1566907718,30,131,"131- HOSPITAL DE CLÍNICAS","SMARTLITMAPFRAME",-34.5984043,-58.3990158,0,"Uriburu Jose E., Pres. & Paraguay","1111",16,"RECOLETA",NA,"Uriburu Jose E., Pres. & Paraguay"
"114",1566907718,30,132,"132 - CORRIENTES","SMARTLITMAPFRAME",-34.6033685,-58.372763,0,"Reconquista & Corrientes Av.","1111",12,"SAN NICOLAS",NA,"Reconquista & Corrientes Av."
"115",1566907718,30,134,"134 - DON BOSCO","SMARTLITMAPFRAME",-34.6118013,-58.4150532,0,"3490 Don Bosco","1111",20,"ALMAGRO",NA,"3490 Don Bosco & Liniers Virrey"
"116",1566907718,30,135,"135 - MARCELO T. DE ALVEAR","SMARTLITMAPFRAME",-34.5972818,-58.3787856,0,"902 Esmeralda","11111",20,"SAN NICOLAS",NA,"Esmeralda & Paraguay"
"117",1566907718,30,137,"137 - AZOPARDO Y CHILE","SMARTLITMAPFRAME",-34.6155977,-58.3674923,0,"AZOPARDO 700","1111",20,"MONSERRAT",NA,"AZOPARDO 700 & AV CHILE"
"118",1566907718,30,138,"138 - Hospital Britanico","SMARTLITMAPFRAME",-34.6353595,-58.3876724,0,"153 Perdriel","1111",12,"BARRACAS",NA,NA
"119",1566907718,30,141,"141 - SOLIS Y ALSINA","SMARTLITMAPFRAME",-34.6115231,-58.3904968,0,"225 Solis","11111",20,"MONSERRAT",NA,"225 Solis & Alsina, Adolfo"
"120",1566907718,30,143,"143 - BILLINGHURST Y VALENTÍN GOMEZ","SMARTLITMAPFRAME",-34.604709,-58.415807,0,"455 Billinghurst & Gomez, Valentin","C1191",20,"ALMAGRO",NA,"455 Billinghurst & Gomez, Valentin"
"121",1566907718,30,144,"144 - PUEYRREDÓN","SMARTLITMAPFRAME",-34.6018744,-58.4060944,0,"684 Boulogne Sur Mer & Tucuman","1111",20,"BALVANERA",NA,"684 Boulogne Sur Mer & Tucuman"
"122",1566907718,30,146,"146 - Hospital Francés","SMARTLITMAPFRAME",-34.6221118,-58.4078419,0,"3024 Calvo, Carlos","1111",20,"SAN CRISTOBAL",NA,"3024 Calvo, Carlos & La Rioja"
"123",1566907718,30,148,"323 - Parque Avellaneda II","SMARTLITMAPFRAME",-34.6443615,-58.4846764,0,"Av. Directorio y Av. Olivera","1111",28,"PARQUE AVELLANEDA",NA,NA
"124",1566907718,30,149,"149 - LIMA","SMARTLITMAPFRAME",-34.6153266,-58.3813642,0,"México & Lima","11111",16,"MONSERRAT",NA,"México & Lima"
"125",1566907718,30,150,"150 - VERA PEÑALOZA","SMARTLITMAPFRAME",-34.6181003,-58.3631389,0,"Vera Peñaloza, Rosario & Cossettini, Olga","1111",30,"PUERTO MADERO",NA,"Vera Peñaloza, Rosario & Cossettini, Olga"
"126",1566907718,30,151,"151 - AIME PAINÉ","SMARTLITMAPFRAME",-34.6118145,-58.361285,0,"Villaflor, Azucena & Paine, Aime","11111",24,"PUERTO MADERO",NA,"Villaflor, Azucena & Paine, Aime"
"127",1566907718,30,152,"152 - JULIETA LANTERI","SMARTLITMAPFRAME",-34.6181645,-58.3596311,0,"Vera Peñaloza, Rosario 599 & Lanteri Julieta","11111",19,"PUERTO MADERO",NA,"Vera Peñaloza, Rosario & Lanteri Julieta"
"128",1566907718,30,153,"153 - JUAN MANUEL DE BLANES","SMARTLITMAPFRAME",-34.6307765,-58.3620701,0,"383 Blanes, Juan Manuel","1111",15,"BOCA",NA,NA
"129",1566907718,30,154,"154 - GALLO","SMARTLITMAPFRAME",-34.6005484,-58.4122849,0,"789 Gallo","11111",20,"ALMAGRO",NA,"189 Gallo y Tucuman"
"130",1566907718,30,155,"155 - Parque José Evaristo Uriburu","SMARTLITMAPFRAME",-34.6409617,-58.4125606,0,"300 Almafuerte Av. & Los Patos","11111",20,"NUEVA POMPEYA",NA,"300 Almafuerte Av. & Los Patos"
"131",1566907718,30,156,"156 - Plaza Alemania","SMARTLITMAPFRAME",-34.5775895,-58.4074696,0,"2939 Cavia","11111",20,"PALERMO",NA,"Cavia &  Av. Del Libertador"
"132",1566907718,30,158,"158 - VILLARROEL","SMARTLITMAPFRAME",-34.592735,-58.4450697,0,"1321 Villarroel & Humboldt CABA","1111",20,"CHACARITA",NA,NA
"133",1566907718,30,161,"161 - Humahuaca","SMARTLITMAPFRAME",-34.6020779,-58.4196761,0,"3912 Humahuaca","11111",20,"ALMAGRO",NA,"Humahuaca &  Jeronimo Salguero"
"134",1566907718,30,162,"162 - LARREA Y BARTOLOMÉ MITRE","SMARTLITMAPFRAME",-34.608985,-58.401924,0,"80 Larrea","C1030",20,"BALVANERA",NA,"80 Larrea & Mitre, Bartolome"
"135",1566907718,30,163,"163 - ONCE II","SMARTLITMAPFRAME",-34.6095663,-58.4064308,0,"Bartolome Mitre & Av. Puyrredon","11111",30,"BALVANERA",NA,NA
"136",1566907718,30,164,"164 - FACULTAD DE INGENERIA","SMARTLITMAPFRAME",-34.6181442,-58.3669021,0,"Estados Unidos 21","11111",20,"SAN TELMO",NA,"Estados Unidos 21 &Av. Ing. Huergo"
"137",1566907718,30,165,"165 - PLAZA MONSEÑOR MIGUEL DE ANDREA","SMARTLITMAPFRAME",-34.597048,-58.407614,0,"Dr Tomas Manuel De  Anchorena &  Jose A. Cabrera","C1170",12,"RECOLETA",NA,"Dr Tomas Manuel De  Anchorena &  Jose A. Cabrera"
"138",1566907718,30,166,"166 - Cementerio de Recoleta","SMARTLITMAPFRAME",-34.5891897,-58.3932507,0,"2000 Vicente Lopez","1111",20,"RECOLETA",NA,"Vicente Lopez & Junin"
"139",1566907718,30,167,"275 - PLAZA 24 DE SEPTIEMBRE","SMARTLITMAPFRAME",-34.6070594,-58.4485709,0,"1355 San Martin Av.","1111",16,"VILLA CRESPO",NA,NA
"140",1566907718,30,168,"168 - Estados Unidos","SMARTLITMAPFRAME",-34.6186217,-58.3812271,0,"Estados Unidos & Lima","11111",16,"CONSTITUCION",NA,"Estados Unidos & Lima"
"141",1566907718,30,169,"169 - FACULTAD DE PSICOLOGIA","SMARTLITMAPFRAME",-34.611875,-58.411887,0,"Yrigoyen, Hipolito & 24 De Noviembre","1207",12,"BALVANERA",NA,"Yrigoyen, Hipolito & 24 De Noviembre"
"142",1566907718,30,170,"170 - SAN LUIS Y ECUADOR","SMARTLITMAPFRAME",-34.5996644,-58.4061023,0,"2862 San Luis & Ecuador","1111",20,"BALVANERA",NA,NA
"143",1566907718,30,171,"171 - Pasteur","SMARTLITMAPFRAME",-34.6032813,-58.3997553,0,"519 Pasteur","11111",20,"BALVANERA",NA,"Pasteur & Lavalle"
"144",1566907718,30,172,"172 - BRASIL","SMARTLITMAPFRAME",-34.625426,-58.371082,0,"BRASIL&DEFENSA","C1143",16,"SAN TELMO",NA,"BRASIL&DEFENSA"
"145",1566907718,30,173,"173 - PLAZA CECILIA GRIERSON","SMARTLITMAPFRAME",-34.6222964,-58.3751607,0,"Av. San Juan 632","11111",16,"SAN TELMO",NA,"Av. San Juan 632 & Chacabuco"
"146",1566907718,30,174,"174 - MINISTERIO DE EDUCACION","SMARTLITMAPFRAME",-34.597225,-58.391768,0,"Marcelo T. de Alvear & Rodriguez Peña","C1021",16,"RECOLETA",NA,"Marcelo T. de Alvear & Rodriguez Peña"
"147",1566907718,30,175,"147 - Constitución","SMARTLITMAPFRAME",-34.6267408,-58.3809349,0,"Avenida Juan de Garay 1050","111",36,"CONSTITUCION","147",NA
"148",1566907718,30,176,"176 - PINZÓN Y MARTÍN RODRIGUEZ","SMARTLITMAPFRAME",-34.6341873,-58.3611029,0,"Pinzon 469","1111",20,"BOCA",NA,NA
"149",1566907718,30,177,"177 -PLANETARIO","SMARTLITMAPFRAME",-34.5680151,-58.41208,0,"Av Sarmiento 3866","11111",12,"PALERMO",NA,NA
"150",1566907718,30,179,"179 - LA BOCA","SMARTLITMAPFRAME",-34.638989,-58.3605313,0,"1819 Don Pedro De Mendoza Av. & Palos","1111",19,"BOCA",NA,"1819 Don Pedro De Mendoza Av. & Palos"
"151",1566907718,30,180,"180 - CASTRO Y MEXICO","SMARTLITMAPFRAME",-34.619775,-58.420492,0,"680 Castro & Mexico CABA","1217",20,"ALMAGRO",NA,NA
"152",1566907718,30,181,"181 - BILLINGHURST Y MANSILLA","SMARTLITMAPFRAME",-34.5927221,-58.4120394,0,"1533 Billinghurst & Mansilla, Lucio Norberto, General","11111",20,"RECOLETA",NA,"1533 Billinghurst & Mansilla, Lucio Norberto, General"
"153",1566907718,30,182,"182 - RAVIGNANI Y GUATEMALA","SMARTLITMAPFRAME",-34.5780479,-58.4352466,0,"2185 Ravignani, Emilio, Dr. & Guatemala","1111",20,"PALERMO",NA,NA
"154",1566907718,30,183,"183 - VIRREY CEVALLOS","SMARTLITMAPFRAME",-34.6156994,-58.3899728,0,"Mexico 1652","11111",20,"MONSERRAT",NA,"Mexico 1652"
"155",1566907718,30,184,"184 - Pedro Echague","SMARTLITMAPFRAME",-34.6306129,-58.3913419,0,"Pedro Echague 1878 & Combate De Los Pozos","11111",20,"PARQUE PATRICIOS","",NA
"156",1566907718,30,185,"185 - AV. PAVÓN Y 33 ORIENTALES","SMARTLITMAPFRAME",-34.63133,-58.42177,0,"33 Orientales 1400","1257",20,"BOEDO",NA,"33 orientales 1400 y Av. Pavon"
"157",1566907718,30,186,"186 - MANZANA 66","SMARTLITMAPFRAME",-34.6136356,-58.4064415,0,"2875 Moreno","11111",20,"BALVANERA",NA,"2875 Moreno & Catamarca"
"158",1566907718,30,187,"261 - QUINTEROS LIDORO","SMARTLITMAPFRAME",-34.5528626,-58.450854,0,"1483 Quinteros, Lidoro J. Av.","1111",16,"BELGRANO",NA,NA
"159",1566907718,30,188,"373 - Jorgelina De Simone","SMARTLITMAPFRAME",-34.623923,-58.3904814,0,"Cochabamba 1755","1111",20,"CONSTITUCION",NA,NA
"160",1566907718,30,189,"189 - POSADAS","SMARTLITMAPFRAME",-34.5886889,-58.3852113,0,"1350 Posadas","11111",20,"RETIRO",NA,"Posadas & Montevideo"
"161",1566907718,30,190,"190 - JUNCAL","SMARTLITMAPFRAME",-34.5850763,-58.4111136,0,"Juncal & Salguero, Jeronimo","11111",20,"PALERMO",NA,"Juncal & Salguero, Jeronimo"
"162",1566907718,30,191,"191 - Rivadavia y 9 de Julio","SMARTLITMAPFRAME",-34.6079305,-58.3808358,0,"Pellegrini Y Rivadavia Av.","11111",16,"SAN NICOLAS",NA,NA
"163",1566907718,30,192,"192 - Talcahuano","SMARTLITMAPFRAME",-34.5972773,-58.3855748,0,"990 Talcahuano","11111",20,"RETIRO",NA,"Talcahuano & Marcelo T. Alvear"
"164",1566907718,30,193,"193 - ARENALES Y AGUERO","SMARTLITMAPFRAME",-34.5908626,-58.4061652,0,"Arenales y Aguero","1111",20,"RECOLETA",NA,"2882 Arenales & Aguero"
"165",1566907718,30,194,"194 - PERÓN Y ACUÑA DE FIGUEROA","SMARTLITMAPFRAME",-34.6060758,-58.4224635,0,"3997 TTE. GENERAL JUAN DOMINGO PERON","1111",16,"ALMAGRO",NA,"3997 TTE. GENERAL JUAN DOMINGO PERON"
"166",1566907718,30,195,"357 - PLAZA MARTIN FIERRO","SMARTLITMAPFRAME",-34.6260785,-58.407389,0,"La Rioja & Cochabamba","1111",20,"SAN CRISTOBAL",NA,NA
"167",1566907718,30,196,"196 - HOSPITAL ARGERICH","SMARTLITMAPFRAME",-34.6275351,-58.3657211,0,"750 Pi Y Margall & Necochea","11111",20,"BOCA",NA,"750 Pi Y Margall & Necochea"
"168",1566907718,30,197,"197 - Quintino Bocayuva","SMARTLITMAPFRAME",-34.613449,-58.4233969,0,"Quintino Bocayuva y Don Bosco","111111",20,"ALMAGRO","",NA
"169",1566907718,30,199,"199 - ESTADOS UNIDOS Y BOEDO","SMARTLITMAPFRAME",-34.6222601,-58.4160137,0,"3568 Estados Unidos & Boedo Av.","11111",20,"BOEDO","","3568 Estados Unidos & Boedo Av."
"170",1566907718,30,200,"200 - AUSTRIA Y FRENCH","SMARTLITMAPFRAME",-34.5883282,-58.4038684,0,"2080 Austria","1111",20,"RECOLETA","","Austria & French"
"171",1566907718,30,201,"175 - Esmeralda y Corrientes","SMARTLITMAPFRAME",-34.6034449,-58.378167,0,"Esmeralda y Corrientes","11111",20,"SAN NICOLAS","",NA
"172",1566907718,30,202,"001 - FACULTAD DE DERECHO","SMARTLITMAPFRAME",-34.583811,-58.390967,0,"Av. Pres. Figueroa Alcorta 2120","11111",30,"RECOLETA","",NA
"173",1566907718,30,203,"108 - Usina del Arte","SMARTLITMAPFRAME",-34.628511,-58.356004,0,"Caffarena, Agustin R. & Don Pedro De Mendoza Av.","11111",24,"BOCA","",NA
"174",1566907718,30,204,"167 - Hipólito Yrigoyen","SMARTLITMAPFRAME",-34.6148209,-58.4278453,0,"4300 Yrigoyen, Hipolito Av.","11111",24,"ALMAGRO","",NA
"175",1566907718,30,205,"125 - F.J.Santamaria de Oro","SMARTLITMAPFRAME",-34.5832733,-58.4279562,0,"F.J.Santamaria de Oro & Guatemala","11111",16,"PALERMO","",NA
"176",1566907718,30,206,"159 - Fitz Roy & Gorriti","SMARTLITMAPFRAME",-34.5849119,-58.4372524,0,"Fitz Roy & Gorriti","11111",16,"PALERMO","",NA
"177",1566907718,30,207,"123 - Armenia","SMARTLITMAPFRAME",-34.5852485,-58.420906,0,"Armenia 2315 & Charcas","11111",20,"PALERMO","",NA
"178",1566907718,30,208,"145 - RAVIGNANI","SMARTLITMAPFRAME",-34.5804702,-58.4379925,0,"Ravignani, Emilio, Dr. & Costa Rica","11111",20,"PALERMO","",NA
"179",1566907718,30,210,"335 - General Urquiza","SMARTLITMAPFRAME",-34.572132,-58.4113228,0,"Figueroa Alcorta & Sarmiento","11111",20,"PALERMO","",NA
"180",1566907718,30,211,"195 - Plaza Garay","SMARTLITMAPFRAME",-34.6266267,-58.3879696,0,"Garay, Juan De Av. &Saenz Peña, Luis, Pres.","11111",20,"CONSTITUCION","",NA
"181",1566907718,30,212,"129 - Velasco","SMARTLITMAPFRAME",-34.600164,-58.434983,0,"J.Ramirez de Velasco 285","C1414",20,"VILLA CRESPO","",NA
"182",1566907718,30,213,"136 - Acevedo","SMARTLITMAPFRAME",-34.5995649,-58.4425362,0,"Acevedo 220 y padilla","11111",20,"VILLA CRESPO","",NA
"183",1566907718,30,214,"142 - Armenia y Gorriti","SMARTLITMAPFRAME",-34.5905808,-58.4289624,0,"Armenia 1525 y Gorriti","11111",16,"PALERMO","",NA
"184",1566907718,30,215,"113 - Guatemala","SMARTLITMAPFRAME",-34.5858843,-58.4251226,0,"Guatemala 4773","11111",20,"PALERMO","",NA
"185",1566907718,30,216,"059 - Coronel Diaz","SMARTLITMAPFRAME",-34.5900976,-58.4114907,0,"Guemes 3330 & Coronel Diaz","11111",20,"PALERMO","",NA
"186",1566907718,30,217,"198 - HOSPITAL SARDÁ","SMARTLITMAPFRAME",-34.6342818,-58.4042123,0,"Castillo, Catulo & Dean Funes","11111",16,"PARQUE PATRICIOS","",NA
"187",1566907718,30,218,"067 - Senillosa","SMARTLITMAPFRAME",-34.638523,-58.425464,0,"Senillosa 1905 & Zañartu","C1424",16,"PARQUE CHACABUCO","",NA
"188",1566907718,30,219,"140 - Las Casas","SMARTLITMAPFRAME",-34.6351732,-58.4157035,0,"Las Casas 3587","11111",16,"BOEDO","",NA
"189",1566907718,30,220,"097 - Avelino Diaz","SMARTLITMAPFRAME",-34.6354717,-58.4279173,0,"Avelino Diaz&Doblas","11111",16,"PARQUE CHACABUCO","",NA
"190",1566907718,30,221,"157 - Senillosa y Zuviria","SMARTLITMAPFRAME",-34.6280441,-58.4274042,0,"Senillosa 989 y Zuviria","11111",20,"PARQUE CHACABUCO","",NA
"191",1566907718,30,222,"160 - Godoy Cruz y Libertador","SMARTLITMAPFRAME",-34.5727715,-58.4206642,0,"Godoy Cruz  3279 y Libertador","11111",20,"PALERMO","",NA
"192",1566907718,30,223,"178 - José Marmol","SMARTLITMAPFRAME",-34.623456,-58.424895,0,"803 José Marmol","11111",16,"BOEDO","","803 Jose Marmol & Estados Unidos"
"193",1566907718,30,224,"133 - Nicaragua","SMARTLITMAPFRAME",-34.5808537,-58.434484,0,"Nicaragua & Bonpland","11111",20,"PALERMO","",NA
"194",1566907718,30,225,"109 - Lerma","SMARTLITMAPFRAME",-34.5968511,-58.4295184,0,"175 Lerma & Bonpland","11111",20,"VILLA CRESPO","",NA
"195",1566907718,30,226,"139 - Virrey Liniers","SMARTLITMAPFRAME",-34.633335,-58.4132263,0,"Salcedo 3408 & Virrey Liniers","11111",20,"BOEDO","",NA
"196",1566907718,30,227,"188 - Aranguren","SMARTLITMAPFRAME",-34.6105021,-58.4327935,0,"137 Aranguren, Juan F., Dr. & Portugal","11111",20,"CABALLITO","",NA
"197",1566907718,30,228,"010 - Madero UCA","SMARTLITMAPFRAME",-34.6162819,-58.3657444,0,"1600 Moreau De Justo, Alicia Av.","11111",20,"PUERTO MADERO","",NA
"198",1566907718,30,229,"243 - PLAZOLETA CELEDONIO FLORES","SMARTLITMAPFRAME",-34.5813811,-58.4514575,0,"Cordoba 6599","11111",12,"CHACARITA","243","Cordoba 6599"
"199",1566907718,30,230,"259 - PLAZA CASTELLI","SMARTLITMAPFRAME",-34.5678255,-58.4645037,0,"Echeverria 3249","11111",16,"BELGRANO","","Echeverria 3249"
"200",1566907718,30,231,"384 - PLAZA BENITO NAZAR","SMARTLITMAPFRAME",-34.6051305,-58.4458398,0,"Virasoro, Valentin & Figueroa, D Apolinario, Coronel","11111",16,"VILLA CRESPO","",NA
"201",1566907718,30,232,"252 - Tamborini","SMARTLITMAPFRAME",-34.5599395,-58.4788904,0,"Tamborini 3821","11111",20,"COGHLAN","",NA
"202",1566907718,30,233,"389 - Plaza República De Mexico","SMARTLITMAPFRAME",-34.5539765,-58.4360367,0,"693 La Pampa","1111",24,"BELGRANO","",NA
"203",1566907718,30,234,"344 - UNIVERSIDAD DI TELLA","SMARTLITMAPFRAME",-34.5483593,-58.4475673,0,"1001 Saenz valiente, Juan Pablo","1111",20,"BELGRANO","",NA
"204",1566907718,30,235,"281 - Villa Urquiza","SMARTLITMAPFRAME",-34.5737764,-58.4868051,0,"Triunvirato Av. & Roosevelt Franklin D. Av.","1111",24,"VILLA URQUIZA","",NA
"205",1566907718,30,236,"254 - Plaza Rafael Hernandez","SMARTLITMAPFRAME",-34.5623422,-58.4550484,0,"Vuelta de Obligado 2004","11111",16,"BELGRANO","",NA
"206",1566907718,30,238,"217 - Cachimayo","SMARTLITMAPFRAME",-34.6365814,-58.4367011,0,"1489 Cachimayo","1111",24,"PARQUE CHACABUCO","",NA
"207",1566907718,30,239,"391 - Plaza República de Ecuador","SMARTLITMAPFRAME",-34.5650089,-58.4201625,0,"Figueroa Alcorta, Pres. Av. & Dorrego Av.","11111",20,"PALERMO","",NA
"208",1566907718,30,240,"239 - Vidal","SMARTLITMAPFRAME",-34.558137,-58.465559,0,"Vidal 2799","11111",24,"BELGRANO","239",NA
"209",1566907718,30,241,"348 - Villa del Parque","SMARTLITMAPFRAME",-34.600874,-58.494123,0,"Gutierrez, Ricardo 3105","11111",12,"VILLA DEL PARQUE","",NA
"210",1566907718,30,242,"103 - MALBA","SMARTLITMAPFRAME",-34.5771741,-58.4032162,0,"3051 San Martin De Tours","11111",20,"PALERMO","",NA
"211",1566907718,30,244,"266 - Plaza Alfredo Nobel","SMARTLITMAPFRAME",-34.5874735,-58.4842469,0,"Hamburgo 3310","11111",20,"PARQUE CHAS","",NA
"212",1566907718,30,245,"248 - Husares","SMARTLITMAPFRAME",-34.5522044,-58.4431506,0,"Husares 2201","11111",16,"BELGRANO","",NA
"213",1566907718,30,246,"338 - Sucre y Dragones","SMARTLITMAPFRAME",-34.554326,-58.4389256,0,"Sucre 877 y Dragones","11111",16,"BELGRANO","",NA
"214",1566907718,30,247,"282 - Tronador","SMARTLITMAPFRAME",-34.5839895,-58.4666304,0,"Triunvirato Av. & Tronador","11111",18,"VILLA ORTUZAR","",NA
"215",1566907718,30,248,"346 - Plaza Zapiola","SMARTLITMAPFRAME",-34.5738411,-58.4742812,0,"2001 Donado","11111",20,"VILLA URQUIZA","",NA
"216",1566907718,30,249,"307 - LEONARDO PEREYRA","SMARTLITMAPFRAME",-34.649843,-58.388562,0,"Iriarte y Velez Sarfield","1111",16,"BARRACAS","",NA
"217",1566907718,30,250,"366 - Plaza Diaz Velez","SMARTLITMAPFRAME",-34.6526797,-58.377215,0,"Cruz, Osvaldo Av. & San Antonio","1111",16,"BARRACAS","",NA
"218",1566907718,30,251,"388 - Plaza Jose C Paz","SMARTLITMAPFRAME",-34.6446224,-58.409772,0,"Pepiri & Paz, Jose C.","1111",20,"PARQUE PATRICIOS","",NA
"219",1566907718,30,252,"331 - PLAZA HERRERA","SMARTLITMAPFRAME",-34.6445163,-58.3762137,0,"Herrera & Quinquela Martin","1111",16,"BARRACAS","",NA
"220",1566907718,30,253,"383 - Boedo & Venezuela","SMARTLITMAPFRAME",-34.6172808,-58.4167728,0,"Boedo Av. & Republica Bolivariana De Venezuela","1111",20,"ALMAGRO","",NA
"221",1566907718,30,254,"276 - PRIMERA JUNTA","SMARTLITMAPFRAME",-34.6206836,-58.4415718,0,"Av. Rivadavia & Del Barco Centenera","1111",16,"CABALLITO","",NA
"222",1566907718,30,255,"374 - Puan","SMARTLITMAPFRAME",-34.6221889,-58.44855,0,"Yerbal 1290","1111",16,"CABALLITO","",NA
"223",1566907718,30,256,"209 - PAYSANDU","SMARTLITMAPFRAME",-34.610398,-58.454304,0,"1182 Paysandu","1111",20,"CABALLITO","",NA
"224",1566907718,30,257,"264 - Plaza Marcos Sastre","SMARTLITMAPFRAME",-34.570829,-58.481233,0,"Miller & Monroe","11111",24,"VILLA URQUIZA","",NA
"225",1566907718,30,258,"336 - La Pampa","SMARTLITMAPFRAME",-34.5655918,-58.4554838,0,"La Pampa 2250 & Ciudad de la Paz","11111",16,"BELGRANO","",NA
"226",1566907718,30,259,"290 - Club Excursionistas","SMARTLITMAPFRAME",-34.5580469,-58.4434052,0,"Miñones 1818","11111",16,"BELGRANO","",NA
"227",1566907718,30,260,"371 - Paseo de las Americas","SMARTLITMAPFRAME",-34.550961,-58.4381142,0,"Juramento 646","11111",18,"BELGRANO","",NA
"228",1566907718,30,261,"272 - Plaza Bruno Giordano","SMARTLITMAPFRAME",-34.616207,-58.4406995,0,"Bruno Giordano&Neuquen","11111",16,"CABALLITO","",NA
"229",1566907718,30,262,"349 - Plaza Saenz Peña","SMARTLITMAPFRAME",-34.60962,-58.4673963,0,"Andres Lamas&Remedios Escalada de San Martin","11111",16,"VILLA GRAL. MITRE","",NA
"230",1566907718,30,263,"270 - PLAZA DEL ANGEL GRIS","SMARTLITMAPFRAME",-34.6217948,-58.4575279,0,"Calcena & Avellaneda Av.","1111",12,"FLORES","",NA
"231",1566907718,30,264,"283 - CNEL. JUAN CRUZ CZETZ","SMARTLITMAPFRAME",-34.5559308,-58.4812325,0,"Balbin, Ricardo, Dr. Av. & Larralde, Crisologo Av.","1111",16,"SAAVEDRA","",NA
"232",1566907718,30,265,"361 - Plaza Don Segundo Sombra","SMARTLITMAPFRAME",-34.6418833,-58.450658,0,"2347 Santander","1111",16,"FLORES","",NA
"233",1566907718,30,266,"379 - BERG","SMARTLITMAPFRAME",-34.6601336,-58.4287202,0,"3402 Berg, Carlos","1111",16,"VILLA SOLDATI","",NA
"234",1566907718,30,267,"353 - PLAZA VELEZ SARSFIELD","SMARTLITMAPFRAME",-34.6296512,-58.4835484,0,"Chivilcoy & Avellaneda Av.","1111",12,"FLORESTA","",NA
"235",1566907718,30,268,"399 - GARCIA DEL RIO","SMARTLITMAPFRAME",-34.550293,-58.4764172,0,"GARCIA DEL RIO & PINTO","1111",28,"SAAVEDRA","",NA
"236",1566907718,30,269,"260 - SAN MIGUEL DE GARICOITS","SMARTLITMAPFRAME",-34.577296,-58.457854,0,"Delgado & Loreto, Virrey","1111",18,"COLEGIALES","",NA
"237",1566907718,30,270,"370 - Beauchef","SMARTLITMAPFRAME",-34.640114,-58.43026,0,"1995 Beauchef","1111",16,"PARQUE CHACABUCO","",NA
"238",1566907718,30,271,"365 - Venancio Flores","SMARTLITMAPFRAME",-34.63008,-58.47426,0,"Argerich & Flores, Venancio, Gral.","11111",20,"FLORES","",NA
"239",1566907718,30,272,"347 - PLAZA MALAVER","SMARTLITMAPFRAME",-34.5883744,-58.4668651,0,"328 Heredia CABA","1111",20,"VILLA ORTUZAR","",NA
"240",1566907718,30,273,"223 - GAINZA","SMARTLITMAPFRAME",-34.61668,-58.4466674,0,"494 Gainza, Martin De, Gral.","1111",16,"CABALLITO","",NA
"241",1566907718,30,274,"369 - Ciudad De La Paz","SMARTLITMAPFRAME",-34.5563511,-58.4630428,0,"2816 Ciudad de la Paz CABA","1111",24,"BELGRANO","",NA
"242",1566907718,30,275,"256 - PLAZA NORUEGA","SMARTLITMAPFRAME",-34.5619095,-58.4585729,0,"Ciudad De La Paz & Mendoza","1111",20,"BELGRANO","",NA
"243",1566907718,30,276,"296 - FREIRE","SMARTLITMAPFRAME",-34.559476,-58.4699652,0,"2899 Freire, Ramon, Cap. Gral.","1111",16,"COGHLAN","",NA
"244",1566907718,30,277,"292 - PLAZA BOLIVIA","SMARTLITMAPFRAME",-34.5634645,-58.4360367,0,"Olleros Av. & Del Libertador Av.","1111",12,"PALERMO","",NA
"245",1566907718,30,278,"233 - MONROE","SMARTLITMAPFRAME",-34.564083,-58.469789,0,"2519 Superi","1111",16,"COGHLAN","",NA
"246",1566907718,30,279,"325 - CASTELLI Y PERON","SMARTLITMAPFRAME",-34.6074177,-58.4047854,0,"Castelli & Peron, Juan Domingo, Tte. General","1111",20,"BALVANERA","",NA
"247",1566907718,30,280,"222 - SIMON BOLIVAR","SMARTLITMAPFRAME",-34.6333113,-58.4494755,0,"1701 Fernandez Moreno, Baldomero","1111",24,"PARQUE CHACABUCO","",NA
"248",1566907718,30,281,"350 - Plaza Irlanda","SMARTLITMAPFRAME",-34.6138773,-58.4583742,0,"Av. Gaona 2200","1111",16,"CABALLITO","",NA
"249",1566907718,30,282,"332 - PLAZOLETA PORTUGAL","SMARTLITMAPFRAME",-34.5699743,-58.4562794,0,"Aviles, Virrey & Cramer","1111",20,"COLEGIALES","",NA
"250",1566907718,30,283,"228 - BALDOMERO","SMARTLITMAPFRAME",-34.6355054,-58.456035,0,"2289 Fernandez Moreno, Baldomero","1111",20,"FLORES","",NA
"251",1566907718,30,284,"229 - RIGLOS","SMARTLITMAPFRAME",-34.6311092,-58.4350943,0,"1019 Riglos","1111",20,"PARQUE CHACABUCO","",NA
"252",1566907718,30,285,"400 - Reserva Ecologica","SMARTLITMAPFRAME",-34.6172122,-58.3561752,0,"Achaval Rodriguez, T., Dr. Av. 1520","1111",20,"PUERTO MADERO","",NA
"253",1566907718,30,286,"284 - BONIFACIO Y CARABOBO","SMARTLITMAPFRAME",-34.6304712,-58.4551112,0,"1913 Bonifacio, Jose","1111",16,"FLORES","",NA
"254",1566907718,30,287,"299 - HIDALGO","SMARTLITMAPFRAME",-34.6103343,-58.4409183,0,"Hidalgo 796","1111",20,"CABALLITO","",NA
"255",1566907718,30,288,"333 - MIRO","SMARTLITMAPFRAME",-34.6404886,-58.4429517,0,"1684 Miro","1111",20,"PARQUE CHACABUCO","",NA
"256",1566907718,30,289,"255 - BARRANCAS DE BELGRANO","SMARTLITMAPFRAME",-34.5597934,-58.4484316,0,"Sucre, Antonio Jose De, Mcal. Y Vertiz Virrey Av.","1111",24,"BELGRANO","",NA
"257",1566907718,30,290,"224 - FERROCARRIL OESTE","SMARTLITMAPFRAME",-34.6186003,-58.4456027,0,"280 Garcia Lorca, Federico","1111",20,"CABALLITO","",NA
"258",1566907718,30,291,"244 - UADE","SMARTLITMAPFRAME",-34.616985,-58.381621,0,"Lima 750","1111",16,"MONSERRAT","",NA
"259",1566907718,30,292,"355 - PLAZA RICARDO LLERAS","SMARTLITMAPFRAME",-34.634796,-58.378109,0,"Samperio, Manuel J. & Herrera","1111",20,"BARRACAS","",NA
"260",1566907718,30,293,"294 - Bonifacio","SMARTLITMAPFRAME",-34.6264943,-58.4324405,0,"BONIFACIO 381","11111",16,"CABALLITO","",NA
"261",1566907718,30,294,"363 - Udaondo","SMARTLITMAPFRAME",-34.5458835,-58.4520062,0,"1185 AV. Udaondo","11111",20,"NUÑEZ","",NA
"262",1566907718,30,295,"392 - Calasanz","SMARTLITMAPFRAME",-34.624802,-58.437683,0,"San Jose De Calasanz & Valle","1111",20,"CABALLITO","","SAN JOSE DE CALASANZ&VALLE"
"263",1566907718,30,296,"293 - PEDERNERA","SMARTLITMAPFRAME",-34.632961,-58.462547,0,"Pedernera 381","11111",16,"FLORES","",NA
"264",1566907718,30,297,"320 - QUIRNO","SMARTLITMAPFRAME",-34.640978,-58.466118,0,"Quirno 781","11111",16,"FLORES","",NA
"265",1566907718,30,298,"271 - Plazoleta 11 de Noviembre","SMARTLITMAPFRAME",-34.634443,-58.463437,0,"Varela 401","11111",15,"FLORES","",NA
"266",1566907718,30,299,"221 - CULPINA","SMARTLITMAPFRAME",-34.631486,-58.466293,0,"Culpina 121","11111",20,"FLORES","",NA
"267",1566907718,30,300,"321 - PERITO MORENO","SMARTLITMAPFRAME",-34.649215,-58.431683,0,"Cnel. Martiniano Chilavert & Agustin de Vedia","1111",19,"NUEVA POMPEYA","",NA
"268",1566907718,30,301,"309 - HOMERO MANZI","SMARTLITMAPFRAME",-34.644841,-58.431785,0,"Del Barco Centenera 2292","1111",20,"NUEVA POMPEYA","",NA
"269",1566907718,30,302,"340 - PLAZA NUEVA POMPEYA","SMARTLITMAPFRAME",-34.651955,-58.415423,0,"3800 Traful","1111",16,"NUEVA POMPEYA","",NA
"270",1566907718,30,303,"238 - RIVERA","SMARTLITMAPFRAME",-34.5577145,-58.4626871,0,"2583 Rivera, Pedro I., Dr.","1111",20,"BELGRANO","",NA
"271",1566907718,30,304,"395 - Agronomia II","SMARTLITMAPFRAME",-34.589409,-58.484204,0,"De Los Incas Av. & De Los Constituyentes Av.","1111",16,"AGRONOMIA","",NA
"272",1566907718,30,305,"398 - Rojas","SMARTLITMAPFRAME",-34.612684,-58.44487,0,"731 Rojas","1111",16,"CABALLITO","",NA
"273",1566907718,30,306,"380 - Paysandu y Galicia","SMARTLITMAPFRAME",-34.608465,-58.45585,0,"1220 GALICIA","11111",20,"CABALLITO","",NA
"274",1566907718,30,307,"358 - Plaza Almirante Brown","SMARTLITMAPFRAME",-34.6451626,-58.365323,0,"Irala &  California","11111",20,"BOCA","",NA
"275",1566907718,30,308,"251 - Solar de la Abadía","SMARTLITMAPFRAME",-34.567639,-58.436847,0,"Maure 1819","11111",20,"PALERMO","",NA
"276",1566907718,30,309,"298 - IRALA","SMARTLITMAPFRAME",-34.6350001,-58.367059,0,"Irala 695","11111",20,"BARRACAS","",NA
"277",1566907718,30,310,"356 - Plaza Sergio Karakachoff","SMARTLITMAPFRAME",-34.63819,-58.37747,0,"brandsen y Herrera","11111",16,"BARRACAS","",NA
"278",1566907718,30,311,"213 - Hospital Alvear","SMARTLITMAPFRAME",-34.5972098,-58.47421143,0,"Av. Warnes 2626","11111",20,"FLORES","",NA
"279",1566907718,30,312,"311 - CONCORDIA","SMARTLITMAPFRAME",-34.629028,-58.4769111,0,"3396 Bogota","1111",20,"FLORESTA","",NA
"280",1566907718,30,313,"291 - UNIVERSIDAD DE BELGRANO","SMARTLITMAPFRAME",-34.565003,-58.4449536,0,"1920 Zabala","1111",20,"PALERMO","",NA
"281",1566907718,30,314,"212 - SOR JUANA","SMARTLITMAPFRAME",-34.61047,-58.4602399,0,"Galicia 1630","1111",16,"CABALLITO","",NA
"282",1566907718,30,316,"205 - SAN MARTIN","SMARTLITMAPFRAME",-34.605638,-58.4533609,0,"1471 Cucha Cucha","1111",16,"VILLA CRESPO","",NA
"283",1566907718,30,317,"220 - GIRIBONE","SMARTLITMAPFRAME",-34.5797368,-58.4578146,0,"1101 Giribone","1111",20,"CHACARITA","",NA
"284",1566907718,30,318,"285 - ESPINOSA","SMARTLITMAPFRAME",-34.603935,-58.45732,0,"1785 Espinosa","1111",20,"VILLA CRESPO","",NA
"285",1566907718,30,319,"329 - PASO Y LAVALLE","SMARTLITMAPFRAME",-34.6036,-58.4036,0,"486 Paso","1111",20,"BALVANERA","",NA
"286",1566907718,30,320,"364 - Carranza Y Gorriti","SMARTLITMAPFRAME",-34.584058,-58.440073,0,"1501 Carranza, Angel Justiniano","1111",20,"PALERMO","",NA
"287",1566907718,30,321,"246 - EDUARDO OLIVERA","SMARTLITMAPFRAME",-34.561851,-58.444754,0,"1631 Campos, Luis M. Av.","1111",16,"BELGRANO","",NA
"288",1566907718,30,322,"289 - MONTAÑESES","SMARTLITMAPFRAME",-34.5513269,-58.4541858,0,"2786 Montañeses","1111",20,"BELGRANO","",NA
"289",1566907718,30,323,"240 - ECHEVERRIA","SMARTLITMAPFRAME",-34.565275,-58.459401,0,"1981 Vidal","1111",24,"BELGRANO","",NA
"290",1566907718,30,324,"280 - JURAMENTO","SMARTLITMAPFRAME",-34.578933,-58.4840556,0,"5209 Juramento","1111",16,"VILLA URQUIZA","",NA
"291",1566907718,30,325,"342 - SAENZ","SMARTLITMAPFRAME",-34.645252,-58.416547,0,"3935 Del Tigre","1111",16,"NUEVA POMPEYA","",NA
"292",1566907718,30,326,"343 - POMAR","SMARTLITMAPFRAME",-34.6411734,-58.4202266,0,"4152 Pomar, Gregorio Tte. Cnel.","1111",20,"NUEVA POMPEYA","",NA
"293",1566907718,30,327,"341 - TILCARA","SMARTLITMAPFRAME",-34.654386,-58.419928,0,"3318 Tilcara","1111",16,"NUEVA POMPEYA","",NA
"294",1566907718,30,328,"43 - Plaza Houssay","SMARTLITMAPFRAME",-34.598549,-58.397354,0,"Cordoba Av. & Uriburu Jose E., Pres.","1111",16,"RECOLETA","",NA
"295",1566907718,30,329,"100 - Plaza Gurruchaga","SMARTLITMAPFRAME",-34.5931053,-58.4351681,0,"1078 Gurruchaga","1111",20,"VILLA CRESPO","",NA
"296",1566907718,30,330,"148 - Paternal","SMARTLITMAPFRAME",-34.6008,-58.47,0,"1718 12 De Octubre","1111",16,"PATERNAL","",NA
"297",1566907718,30,332,"202 - Nogoya Y Argerich","SMARTLITMAPFRAME",-34.602133,-58.490891,0,"3018 Argerich","1111",16,"VILLA DEL PARQUE","",NA
"298",1566907718,30,333,"203 - Beiro","SMARTLITMAPFRAME",-34.6004332,-58.5036238,0,"Beiro 3572, CABA","1111",20,"DEVOTO","",NA
"299",1566907718,30,335,"206 - Galicia","SMARTLITMAPFRAME",-34.615852,-58.470907,0,"2502 Galicia","1111",20,"VILLA GRAL. MITRE","",NA
"300",1566907718,30,336,"207 - PLAZA ARENALES","SMARTLITMAPFRAME",-34.5999173,-58.5114159,0,"Nueva York y Chivilcoy","1111",28,"DEVOTO","",NA
"301",1566907718,30,337,"208 - Segui","SMARTLITMAPFRAME",-34.5985,-58.4613,0,"2419 Segui","1111",16,"PATERNAL","",NA
"302",1566907718,30,338,"210 - Terrero","SMARTLITMAPFRAME",-34.602931,-58.479421,0,"3211 Terrero","1111",16,"VILLA DEL PARQUE","",NA
"303",1566907718,30,339,"211 - ARANGUREN Y SEGUI","SMARTLITMAPFRAME",-34.61938,-58.45471,0,"1608 Aranguren, Juan F., Dr.","1111",16,"CABALLITO","",NA
"304",1566907718,30,340,"214 - Flores","SMARTLITMAPFRAME",-34.626242,-58.467329,0,"2620 Bogota","1111",12,"FLORES","",NA
"305",1566907718,30,341,"216 - Margariños Cervantes y Argerich","SMARTLITMAPFRAME",-34.6142336,-58.4813858,0,"3011 Magariños Cervantes, A.","1111",16,"VILLA SANTA RITA","",NA
"306",1566907718,30,342,"218 - Campana","SMARTLITMAPFRAME",-34.616813,-58.484297,0,"1523 Campana","1111",20,"VILLA SANTA RITA","",NA
"307",1566907718,30,343,"219 - Parque Chacabuco II","SMARTLITMAPFRAME",-34.6357272,-58.4411639,0,"Av. Asamblea & Faraday","1111",20,"PARQUE CHACABUCO","",NA
"308",1566907718,30,345,"226 - Parque La Paternal","SMARTLITMAPFRAME",-34.5947762,-58.4750615,0,"Zaballa y Chorroarín","1111",20,"PATERNAL","",NA
"309",1566907718,30,347,"230 - Parque Las Heras II","SMARTLITMAPFRAME",-34.5834356,-58.4065391,0,"3120 Pacheco de Melo","1111",20,"PALERMO","",NA
"310",1566907718,30,348,"231 - Margariños Cervantes","SMARTLITMAPFRAME",-34.610482,-58.474369,0,"2465 Margariños Cervantes","1111",16,"VILLA GRAL. MITRE","",NA
"311",1566907718,30,349,"232 - Sucre y Martinez","SMARTLITMAPFRAME",-34.570894,-58.466884,0,"3517 Sucre","1111",20,"BELGRANO","",NA
"312",1566907718,30,350,"234 - Valdenegro","SMARTLITMAPFRAME",-34.567996,-58.4851455,0,"2831 Valdenegro","1111",20,"VILLA URQUIZA","",NA
"313",1566907718,30,351,"235 - Colegiales","SMARTLITMAPFRAME",-34.5717033,-58.4520772,0,"2825 Zabala","1111",16,"COLEGIALES","",NA
"314",1566907718,30,352,"236 - Guemes","SMARTLITMAPFRAME",-34.5807104,-58.4248291,0,"4718 Guemes","1111",28,"PALERMO","",NA
"315",1566907718,30,353,"237 - Madero Office","SMARTLITMAPFRAME",-34.5986779,-58.3647259,0,"367 Sanchez De Thompson, Mariquita","1111",20,"PUERTO MADERO","",NA
"316",1566907718,30,354,"241 - Sanatorio Mendez","SMARTLITMAPFRAME",-34.613457,-58.4401581,0,"512 Hidalgo","1111",20,"CABALLITO","",NA
"317",1566907718,30,355,"242 - Plazoleta Rafael del Riego","SMARTLITMAPFRAME",-34.5675048,-58.4465088,0,"o´higins 1327","1111",16,"PALERMO","",NA
"318",1566907718,30,356,"245 - Arribeños","SMARTLITMAPFRAME",-34.547695,-58.4584684,0,"3229 Arribeños","1111",16,"NUÑEZ","",NA
"319",1566907718,30,358,"249 - Balbín","SMARTLITMAPFRAME",-34.5615465,-58.4655255,0,"2519 Conesa","1111",12,"BELGRANO","",NA
"320",1566907718,30,359,"250 - Fleni","SMARTLITMAPFRAME",-34.555654,-58.4504687,0,"2292 Montañeses","1111",20,"BELGRANO","",NA
"321",1566907718,30,361,"258 - Plaza J.J. Paso","SMARTLITMAPFRAME",-34.569147,-58.453732,0,"1399 Moldes","1111",20,"COLEGIALES","",NA
"322",1566907718,30,362,"262 - Holmberg","SMARTLITMAPFRAME",-34.566746,-58.479108,0,"2725 Holmberg","1111",16,"VILLA URQUIZA","",NA
"323",1566907718,30,363,"354 - Plaza Tupac Amaru","SMARTLITMAPFRAME",-34.642052,-58.46205,0,"3101 Primera Junta","1111",28,"FLORES","",NA
"324",1566907718,30,364,"381 - Matienzo Y Arce","SMARTLITMAPFRAME",-34.568722,-58.434381,0,"1798 Matienzo, Benjamin, Teniente","1111",24,"PALERMO","",NA
"325",1566907718,30,366,"360 - Plaza Ramon Falcon","SMARTLITMAPFRAME",-34.635402,-58.482602,0,"3991 Falcon, Ramon L.,Cnel.","1111",20,"VELEZ SARFIELD","",NA
"326",1566907718,30,367,"287 - Belaustegui","SMARTLITMAPFRAME",-34.6163487,-58.4772418,0,"2874 Belaustegui, Luis, Dr.","1111",16,"VILLA SANTA RITA","",NA
"327",1566907718,30,368,"351 - Plaza De Los Periodistas","SMARTLITMAPFRAME",-34.621153,-58.47375,0,"2900 Neuquen","1111",12,"FLORES","",NA
"328",1566907718,30,369,"304 - Navarro","SMARTLITMAPFRAME",-34.592244,-58.491797,0,"2625 Navarro","1111",20,"AGRONOMIA","",NA
"329",1566907718,30,370,"305 - Plaza Martin Rodriguez","SMARTLITMAPFRAME",-34.590964,-58.500336,0,"3016 Pareja","1111",20,"AGRONOMIA","",NA
"330",1566907718,30,371,"269 - Plaza De La Misericordia","SMARTLITMAPFRAME",-34.63281,-58.455058,0,"493 Lautaro","1111",16,"FLORES","",NA
"331",1566907718,30,372,"322 - MARTÍ Y DIRECTORIO","SMARTLITMAPFRAME",-34.636406,-58.470136,0,"404 Marti, Jose","1111",12,"FLORES","",NA
"332",1566907718,30,373,"265 - Plaza Exodo Jujeño","SMARTLITMAPFRAME",-34.5824889,-58.4810286,0,"2812 Liverpool","1111",16,"PARQUE CHAS","",NA
"333",1566907718,30,374,"367 - Mariano Castex","SMARTLITMAPFRAME",-34.645764,-58.4573968,0,"2873 Alvarez, Crisostomo","1111",16,"FLORES","",NA
"334",1566907718,30,375,"301 - Arregui Y Terrada","SMARTLITMAPFRAME",-34.6050537,-58.4847864,0,"2793 Arregui","1111",16,"VILLA DEL PARQUE","",NA
"335",1566907718,30,376,"324 - Las Victorias","SMARTLITMAPFRAME",-34.626698,-58.4871352,0,"4083 Vallese, Felipe","1111",20,"FLORESTA","",NA
"336",1566907718,30,377,"327 - ACUÑA DE FIGUEROA Y POTOSI","SMARTLITMAPFRAME",-34.607333,-58.422987,0,"296 Acuna de Figueroa","1111",16,"ALMAGRO","",NA
"337",1566907718,30,378,"215 - HOSPITAL ALVAREZ","SMARTLITMAPFRAME",-34.623123,-58.468287,0,"Bolivia 683","1111",20,"FLORES","",NA
"338",1566907718,30,379,"390 - De Los Ombues","SMARTLITMAPFRAME",-34.560162,-58.428163,0,"De Los Ombues Av. & Bello, Andres","1111",20,"PALERMO","",NA
"339",1566907718,30,380,"319 - Cervantes y Trelles","SMARTLITMAPFRAME",-34.6060382,-58.46481,0,"Cervantes 1683","11111",20,"VILLA GRAL. MITRE","",NA
"340",1566907718,30,381,"274 - Plaza Nuestra Señora de la Asuncion","SMARTLITMAPFRAME",-34.6153,-58.4665179,0,"Gavilan 1300","11111",16,"VILLA GRAL. MITRE","",NA
"341",1566907718,30,382,"204 - Biarritz","SMARTLITMAPFRAME",-34.605452,-58.477426,0,"Biarritz 2403","11111",16,"VILLA DEL PARQUE","",NA
"342",1566907718,30,383,"263 - Plaza Echeverria","SMARTLITMAPFRAME",-34.571621,-58.489026,0,"Nahuel Huapi & Triunvirato Av.","1111",20,"VILLA URQUIZA","",NA
"343",1566907718,30,384,"267 - Plaza 25 De Agosto","SMARTLITMAPFRAME",-34.579734,-58.4618523,0,"14 De Julio 1194","1111",16,"VILLA ORTUZAR","",NA
"344",1566907718,30,385,"268 - Plaza Aristóbulo Del Valle","SMARTLITMAPFRAME",-34.6061187,-58.4934192,0,"Campana & Sastre, Marcos","1111",16,"VILLA DEL PARQUE","",NA
"345",1566907718,30,386,"277 - Coghlan","SMARTLITMAPFRAME",-34.5656428,-58.475512,0,"2647 Estomba","1111",8,"COGHLAN","",NA
"346",1566907718,30,387,"278 - Donato Alvarez","SMARTLITMAPFRAME",-34.6019716,-58.4655301,0,"1540 Garcia, Juan Agustin","1111",16,"PATERNAL","",NA
"347",1566907718,30,388,"279 - Andonaegui","SMARTLITMAPFRAME",-34.580927,-58.48455,0,"1902 Andonaegui","1111",20,"VILLA URQUIZA","",NA
"348",1566907718,30,389,"286 - OEA","SMARTLITMAPFRAME",-34.62795,-58.44024,0,"Del Barco Centenera 741","1111",20,"CABALLITO","",NA
"349",1566907718,30,390,"288- 11 de septiembre","SMARTLITMAPFRAME",-34.547758,-58.459881,0,"288- 11 de Septiembre de 1888 3314","1111",20,"NUÑEZ","",NA
"350",1566907718,30,391,"295 - Larralde","SMARTLITMAPFRAME",-34.5508944,-58.4719176,0,"3607 Vidal","1111",20,"SAAVEDRA","",NA
"351",1566907718,30,392,"297 - TRONADOR Y GARCÍA DEL RÍO","SMARTLITMAPFRAME",-34.554754,-58.485419,0,"Tronador y Garcia del Rio","1111",16,"COGHLAN","",NA
"352",1566907718,30,393,"300 - Jose Artigas","SMARTLITMAPFRAME",-34.590848,-58.468535,0,"524 Balboa","1111",12,"PATERNAL","",NA
"353",1566907718,30,394,"302 - Plaza Jose Marti","SMARTLITMAPFRAME",-34.649578,-58.462646,0,"1801 Acosta, Mariano","1111",20,"FLORES","",NA
"354",1566907718,30,395,"303 - Huaura","SMARTLITMAPFRAME",-34.5968038,-58.4535687,0,"1474 Huaura","1111",16,"VILLA CRESPO","",NA
"355",1566907718,30,396,"306 - Tres Arroyos Y Olaya","SMARTLITMAPFRAME",-34.601852,-58.448011,0,"327 Tres Arroyos","1111",20,"VILLA CRESPO","",NA
"356",1566907718,30,397,"308 - Artigas Y Melincue","SMARTLITMAPFRAME",-34.5979984,-58.4856262,0,"Artigas & Melincue","1111",12,"VILLA DEL PARQUE","",NA
"357",1566907718,30,398,"310 - Gregoria Perez","SMARTLITMAPFRAME",-34.5761817,-58.4546508,0,"Gregoria Perez 3314","1111",16,"COLEGIALES","",NA
"358",1566907718,30,399,"312 - Parque Chacabuco  I","SMARTLITMAPFRAME",-34.6340414,-58.446273,0,"Peron, Eva & Achaval","1111",20,"PARQUE CHACABUCO","",NA
"359",1566907718,30,400,"313 - De Los Incas","SMARTLITMAPFRAME",-34.579751,-58.471003,0,"1378 Donado","1111",16,"VILLA ORTUZAR","",NA
"360",1566907718,30,401,"314 - Ramón Falcon","SMARTLITMAPFRAME",-34.6347618,-58.4795922,0,"3792 Falcon, Ramon L.,Cnel.","1111",20,"FLORESTA","",NA
"361",1566907718,30,402,"315 - BEIRO Y SAN MARTÍN","SMARTLITMAPFRAME",-34.5976121,-58.4985424,0,"3209 Av. Francisco Beiro","1111",16,"DEVOTO","",NA
"362",1566907718,30,404,"317 - Cero Más Infinito","SMARTLITMAPFRAME",-34.543949,-58.4408983,0,"Ciudad Universitaria - Pabellón Infinito","1111",20,"BELGRANO","",NA
"363",1566907718,30,405,"318 - Plaza Y Carbajal","SMARTLITMAPFRAME",-34.5767497,-58.4689771,0,"1602 Plaza","1111",20,"VILLA ORTUZAR","",NA
"364",1566907718,30,406,"326 - Emma De La Barra","SMARTLITMAPFRAME",-34.6009283,-58.3642613,0,"301 De la Barra, Emma","1111",16,"PUERTO MADERO","",NA
"365",1566907718,30,407,"330 - Parque Avellaneda","SMARTLITMAPFRAME",-34.641773,-58.479977,0,"Directorio Av. y Lacarra","1111",27,"PARQUE AVELLANEDA","",NA
"366",1566907718,30,408,"337 - UTN","SMARTLITMAPFRAME",-34.6600076,-58.4683699,0,"Mozart 2400","1111",20,"VILLA LUGANO","",NA
"367",1566907718,30,409,"339 - AMANCIO ALCORTA","SMARTLITMAPFRAME",-34.654801,-58.412878,0,"3805 Amancio Alcorta","1111",24,"NUEVA POMPEYA","",NA
"368",1566907718,30,411,"368 - Ensenada","SMARTLITMAPFRAME",-34.6385808,-58.4769856,0,"413 Ensenada","1111",12,"FLORESTA","",NA
"369",1566907718,30,412,"372 - Villa Soldati","SMARTLITMAPFRAME",-34.6626285,-58.4411434,0,"3102 Triana, Rodrigo De","1111",16,"VILLA SOLDATI","",NA
"370",1566907718,30,413,"382 - CMD","SMARTLITMAPFRAME",-34.6545736,-58.379346,0,"1016 Algarrobo","1111",16,"BARRACAS","",NA
"371",1566907718,30,414,"385 - Franklin","SMARTLITMAPFRAME",-34.607731,-58.4383041,0,"440 Franklin","1111",20,"CABALLITO","",NA
"372",1566907718,30,415,"386 - Gavilan Y Vallese","SMARTLITMAPFRAME",-34.6203961,-58.4637146,0,"786 Gavilan","1111",20,"FLORES","",NA
"373",1566907718,30,416,"257 - Plaza Francisco Ramirez","SMARTLITMAPFRAME",-34.5532664,-58.469072,0,"2700 Pedraza, Manuela","1111",28,"NUÑEZ","",NA
"374",1566907718,30,417,"328 - Centro Cultural San Martin","SMARTLITMAPFRAME",-34.6053524,-58.3880338,0,"1501 Sarmiento","1111",20,"SAN NICOLAS","",NA
"375",1566907718,30,418,"345 - Plaza Mafalda","SMARTLITMAPFRAME",-34.580773,-58.4446136,0,"Arenal, Concepcion & Martinez, Enrique, Gral.","1111",20,"COLEGIALES","",NA
"376",1566907718,30,419,"359 - Plaza Balcarce","SMARTLITMAPFRAME",-34.547673,-58.467851,0,"2324 Jaramillo","1111",28,"NUÑEZ","",NA
"377",1566907718,30,420,"375 - Ciudad Universitaria I","SMARTLITMAPFRAME",-34.5440696,-58.4390434,0,"Ciudad Universitaria - Pabellón 1(CABA)","1111",20,"BELGRANO","",NA
"378",1566907718,30,421,"376 - Ciudad Universitaria II","SMARTLITMAPFRAME",-34.5419013,-58.4438699,0,"Ciudad Universitaria - Pabellón 2 (CABA)","1111",12,"BELGRANO","",NA
"379",1566907718,30,422,"377 - Ciudad Universitaria III","SMARTLITMAPFRAME",-34.5409892,-58.4442786,0,"Ciudad Universitaria - Pabellón 3 (CABA)","1111",28,"BELGRANO","",NA
"380",1566907718,30,423,"378 - Agronomia","SMARTLITMAPFRAME",-34.5980929,-58.4822137,0,"4351 San Martin Av.","1111",20,"AGRONOMIA","",NA
"381",1566907718,30,424,"387 - Luna","SMARTLITMAPFRAME",-34.638584,-58.399683,0,"201 Luna","1111",16,"PARQUE PATRICIOS","",NA
"382",1566907718,30,425,"394 - Av. La Plata","SMARTLITMAPFRAME",-34.6440763,-58.422091,0,"804 Arbeletche, Anibal P.","1111",16,"NUEVA POMPEYA","",NA
"383",1566907718,30,426,"396 - PLAZA ALBERTI","SMARTLITMAPFRAME",-34.555582,-58.457962,0,"Arcos & Roosevelt Franklin D.","1111",20,"BELGRANO","",NA
"384",1566907718,30,427,"397 - PLAZA MATHEU","SMARTLITMAPFRAME",-34.64072,-58.367461,0,"Hernandarias & Araoz De Lamadrid, Gregorio, Gral.","1111",24,"BOCA","",NA
"385",1566907718,30,428,"225 - HOSPITAL TORNU","SMARTLITMAPFRAME",-34.587458,-58.4739506,0,"1052 Avalos","1111",20,"PARQUE CHAS","",NA
"386",1566907718,30,429,"201 - PEPIRI","SMARTLITMAPFRAME",-34.6522282,-58.4078361,0,"Amancio Alcorta y Pepiri","1111",20,"NUEVA POMPEYA","",NA
"387",1566907718,30,430,"037 - Claudia Pia Braudacco","SMARTMAPFRAME",-34.607981,-58.3778856,0,"Esmeralda y Av.Rivadvia","11111",12,"SAN NICOLAS","",NA
"388",1566907718,30,431,"362 - PARQUE DE LA MEMORIA","SMARTLITMAPFRAME",-34.5430055,-58.4361167,0,"7201 Av. Costanera","1111",20,"BELGRANO","",NA
"389",1566907718,30,432,"187 - Jose Maria Moreno","SMARTLITMAPFRAME",-34.620249,-58.435877,0,"141 Jose Maria Moreno","1111",20,"CABALLITO","",NA
"390",1566907718,30,433,"273 - Plazoleta Colombia","SMARTLITMAPFRAME",-34.637491,-58.373638,0,"1619 Brandsen","1111",20,"BARRACAS","",NA
"391",1566907718,30,434,"247 - Plaza Lucio Demare","SMARTLITMAPFRAME",-34.5457258,-58.4650865,0,"3750 O`Higgins","11111",12,"NUÑEZ","",NA
"392",1566907718,30,435,"227 -Club Ciudad de Buenos Aires","SMARTLITMAPFRAME",-34.5445971,-58.4595541,0,"Miguel Sanchez y Av Libertadores","1111",16,"NUÑEZ","",NA
"393",1566907718,30,436,"253 - Plaza Colegiales","SMARTLITMAPFRAME",-34.5782972,-58.4450299,1,"253 - Plaza Colegiales","1111",28,"PALERMO","",NA
"394",1566907718,30,441,"016 - Legislatura","SMARTLITMAPFRAME",-34.61001199,-58.3749195,0,"169 Peru & Roca, Julio A., Presidente Diagonal Sur Av.","1111",20,"MONSERRAT","",NA
"395",1566907718,30,442,"048 - Perón","SMARTLITMAPFRAME",-34.6056194,-58.371607,0,"J. D. Perón 338","1111",16,"SAN NICOLAS","",NA
"396",1566907718,30,443,"081 -Balcarce","SMARTLITMAPFRAME",-34.6157533,-58.3706184,0,"Balcarce y Chile","1111",18,"MONSERRAT","",NA
"397",1566907718,30,444,"061-Ministerio de Economia","SMARTLITMAPFRAME",-34.6089087,-58.3711541,0,"Balcarce & Yrigoyen, Hipolito Av.","1111",24,"MONSERRAT","",NA
"398",1566907718,30,448,"393 - Barrio 31","SMARTLITMAPFRAME",-34.582618,-58.3787309,0,"Carlos H. Perette 11","1111",16,"RETIRO","",NA
"399",1566907718,30,449,"352 - San Jose de Flores","SMARTLITMAPFRAME",-34.6289374,-58.4636606,0,"Avenida Rivadavia y Fray Cayetano","1111",24,"FLORES","",NA
